model_set,tool,theme_col,theme_or_category,beta,p_value,n_obs,n_months,df_resid,dispersion_pearson,dispersion_deviance,overdispersed_1_5,underdispersed_0_8,zero_frac_obs,zero_frac_pred_poisson,ljungbox_p_lag1,autocorr_sig_0_05,total_count
overall_usability_by_tool,Keyfactor/ejbca-ce,(all),(all usability),-0.001101748450402489,0.8357930053989595,49,49,47.0,1.4331327683951927,1.4410869223519416,False,False,0.04081632653061224,0.027033940090128376,0.37778426952467714,False,177
overall_usability_by_tool,Keyfactor/signserver-ce,(all),(all usability),0.013355270482906788,0.3701409816072203,49,49,47.0,1.5613465154662087,1.2761492126571141,True,False,0.6938775510204082,0.627811960395491,0.7089889951900584,False,23
overall_usability_by_tool,hashicorp/vault,(all),(all usability),-0.022541481508468474,3.140978924697703e-39,49,49,47.0,1.9874082593906042,2.1638952993429763,True,False,0.0,8.449065204280361e-11,0.7752798061374007,False,1794
overall_usability_by_tool,notaryproject/notation,(all),(all usability),-0.028137974889266296,5.355464814589982e-10,49,49,47.0,5.105975824955016,4.780492441779129,True,False,0.12244897959183673,0.01737055808408988,8.699129558134981e-05,True,267
overall_usability_by_tool,openpubkey/openpubkey,(all),(all usability),0.036968294327722966,4.484612780382871e-07,49,49,47.0,8.573550003355226,6.105941423496317,True,False,0.6530612244897959,0.17470200022595392,5.3392236716123563e-05,True,109
overall_usability_by_tool,sigstore/cosign,(all),(all usability),-0.0348130620249599,2.425258223777205e-32,49,49,47.0,2.5215690349723885,2.107426862414274,True,False,0.0,0.0005717842091080933,0.19774436659452901,False,665
overall_usability_by_tool,sigstore/fulcio,(all),(all usability),-0.05126199145368272,7.808839625074542e-18,49,49,47.0,1.524402085778239,1.5435249698281446,True,False,0.12244897959183673,0.11288103601382976,0.1959000760008728,False,188
overall_usability_by_tool,sigstore/rekor,(all),(all usability),-0.054188941145296696,6.133032964341953e-23,49,49,47.0,0.952535119219,1.0709260406928818,False,False,0.10204081632653061,0.09237592910423852,0.9305068709516175,False,228
